user_id,product_id,review_text,rating,timestamp
TEST_USER,TEST_PROD,This is a test review that is certainly unique and long enough.,4.0,2026-07-25T13:09:55.750777+00:00
USER_001,PROD_DEFAULT,"Great product, very useful!",5.0,2026-07-25T13:14:17.389286+00:00
USER_002,PROD_DEFAULT,"Terrible item, broke quickly.",1.0,2026-07-25T13:14:17.389286+00:00
MANUAL_50fe2f2d,MANUAL_REVIEW,hi,3.0,2026-07-25T13:21:10.074481+00:00
MANUAL_6e2dd67e,MANUAL_REVIEW,good good good,3.0,2026-07-25T15:10:08.911805+00:00
MANUAL_d21a150b,MANUAL_REVIEW,good good good,4.0,2026-07-26T09:20:09.922497+00:00
MANUAL_c8812b34,MANUAL_REVIEW,hhehehe,3.0,2026-07-26T11:53:21.889313+00:00
MANUAL_44b08327,MANUAL_REVIEW,lorem ipsum lorem ipsum lorem ipsum,3.0,2026-07-27T02:52:10.055125+00:00
MANUAL_b3e48eba,MANUAL_REVIEW,good good,3.0,2026-07-29T14:17:25.248602+00:00
